{
  "all_gt_probs": [
    [
      0.8679999709129333,
      0.32850000262260437,
      0.8930000066757202,
      0.31949999928474426,
      0.3767000138759613
    ],
    [
      0.3601999878883362,
      0.44020000100135803,
      0.29280000925064087,
      0.33149999380111694,
      0.6919000148773193
    ],
    [
      0.897599995136261,
      0.3578999936580658,
      0.36559998989105225,
      0.461899995803833,
      0.16410000622272491
    ],
    [
      0.49129998683929443,
      0.45260000228881836,
      0.5196999907493591,
      0.34139999747276306,
      0.5347999930381775
    ],
    [
      0.5995000004768372,
      0.8047000169754028,
      0.295199990272522,
      0.593999981880188,
      0.3010999858379364
    ],
    [
      0.3871999979019165,
      0.5572999715805054,
      0.3977000117301941,
      0.7432000041007996,
      0.02669999934732914
    ],
    [
      0.8718000054359436,
      0.8646000027656555,
      0.357699990272522,
      0.4336000084877014,
      0.00430000014603138
    ],
    [
      0.49779999256134033,
      0.4562999904155731,
      0.7908999919891357,
      0.20890000462532043,
      0.09759999811649323
    ],
    [
      0.48730000853538513,
      0.4577000141143799,
      0.7667999863624573,
      0.5221999883651733,
      0.2468000054359436
    ],
    [
      0.8126000165939331,
      0.6740999817848206,
      0.08550000190734863,
      0.14569999277591705,
      0.012600000016391277
    ]
  ],
  "all_ctf_probs": [
    [
      0.4377000033855438,
      0.37790000438690186,
      0.29789999127388,
      0.23929999768733978,
      0.19449999928474426
    ],
    [
      0.4348999857902527,
      0.3691999912261963,
      0.30889999866485596,
      0.23759999871253967,
      0.18520000576972961
    ],
    [
      0.4404999911785126,
      0.3750999867916107,
      0.29840001463890076,
      0.24969999492168427,
      0.19200000166893005
    ],
    [
      0.42890000343322754,
      0.3734999895095825,
      0.31060001254081726,
      0.23819999396800995,
      0.1891999989748001
    ],
    [
      0.43470001220703125,
      0.37459999322891235,
      0.3073999881744385,
      0.23600000143051147,
      0.18400000035762787
    ],
    [
      0.42879998683929443,
      0.3783000111579895,
      0.3028999865055084,
      0.2522999942302704,
      0.18940000236034393
    ],
    [
      0.43070000410079956,
      0.3718999922275543,
      0.2985000014305115,
      0.2295999974012375,
      0.1915999948978424
    ],
    [
      0.42820000648498535,
      0.3749000132083893,
      0.31189998984336853,
      0.2434999942779541,
      0.18569999933242798
    ],
    [
      0.43880000710487366,
      0.375900000333786,
      0.3034000098705292,
      0.24480000138282776,
      0.18529999256134033
    ],
    [
      0.4341000020503998,
      0.3734000027179718,
      0.30480000376701355,
      0.2393999993801117,
      0.18809999525547028
    ]
  ],
  "steps": 6,
  "outer_iters": 10,
  "thres_x": 0.0,
  "thres_y": 0.0
}